1,New South Wales,10050,Albury (C),3764,4962,2701,2654,3603,3736,3443,3371,3187,3449,3297,3412,3368,2967,2602,1966,1254,1319,55055
1,New South Wales,10180,Armidale Regional (A),1672,2433,1421,2099,3173,1875,1869,1608,1511,1666,1651,1870,1720,1418,1254,1045,689,730,29704
1,New South Wales,10250,Ballina (A),2198,3772,2177,2141,2014,1653,2092,2369,2492,3027,2893,3326,3298,3419,2902,2138,1493,1813,45217
1,New South Wales,10300,Balranald (A),145,206,136,102,137,161,112,113,136,130,138,159,182,154,101,72,65,57,2306
1,New South Wales,10470,Bathurst Regional (A),2621,3988,2371,2511,3527,3062,2792,2663,2405,2847,2697,2696,2449,2212,1935,1346,900,974,43996
1,New South Wales,10500,Bayside (A),10675,12451,6269,6675,13697,19052,20156,15865,11866,11004,9711,9565,8256,7420,6335,4776,3704,3995,181472
1,New South Wales,10550,Bega Valley (A),1615,2726,1686,1442,1485,1203,1311,1598,1580,2028,2269,2905,3314,3050,2653,1751,1080,1031,34727
1,New South Wales,10600,Bellingen (A),609,1173,715,605,486,387,516,595,688,936,837,1075,1236,1094,825,570,447,347,13141
1,New South Wales,10650,Berrigan (A),418,670,441,341,348,359,452,411,435,513,473,572,670,750,756,496,341,338,8784
1,New South Wales,10750,Blacktown (C),30331,41456,20406,19078,25842,27582,31506,33935,27855,24481,21120,19979,17466,14300,11667,7178,4691,3958,382831
1,New South Wales,10800,Bland (A),360,567,344,303,285,287,257,351,325,355,338,406,426,347,336,230,190,230,5937
1,New South Wales,10850,Blayney (A),445,763,417,393,342,323,393,366,387,493,508,562,529,472,376,263,193,157,7382
1,New South Wales,10900,Blue Mountains (C),4050,6947,4119,3948,4488,3220,3908,4580,4914,5754,5207,5522,5752,5439,4665,3137,1846,1699,79195
1,New South Wales,10950,Bogan (A),199,262,118,103,137,206,144,98,121,174,174,184,118,114,119,118,94,46,2529
1,New South Wales,11150,Bourke (A),233,319,171,115,85,184,193,139,136,145,204,185,161,121,100,53,42,39,2625
1,New South Wales,11200,Brewarrina (A),95,165,115,74,84,142,136,71,58,93,114,127,98,80,49,24,19,9,1553
1,New South Wales,11250,Broken Hill (C),999,1349,754,734,850,1090,1072,951,800,1039,1100,1211,1300,1200,1000,742,509,569,17269
1,New South Wales,11300,Burwood (A),1736,2323,1243,1631,4682,5755,4205,2712,2076,2148,2114,2221,1947,1578,1391,1039,873,1192,40866
1,New South Wales,11350,Byron (A),1940,2931,1681,1377,1472,1777,2378,2420,2436,2758,2400,2637,2787,2625,1894,1064,627,569,35773
1,New South Wales,11400,Cabonne (A),749,1366,932,785,561,501,637,716,818,989,865,1009,916,805,785,592,314,337,13677
1,New South Wales,11450,Camden (A),9633,12351,6033,5538,6991,8427,9993,9179,7475,7194,5712,5171,4188,3372,2826,1714,1060,949,107806
1,New South Wales,11500,Campbelltown (C) (NSW),13444,18096,9191,8779,11878,13032,13476,13814,11375,10242,9389,9996,9171,7914,6332,3850,2312,1787,174078
1,New South Wales,11520,Canada Bay (A),5566,6945,3647,3285,6468,8955,9175,8199,6564,6433,5836,5552,4905,4175,3776,2653,2023,2393,96550
1,New South Wales,11570,Canterbury-Bankstown (A),27035,35496,18602,18239,26483,30621,30751,27942,23702,23199,21839,21833,19593,15893,13260,9676,7581,8661,380406
1,New South Wales,11600,Carrathool (A),220,264,169,99,127,207,191,151,167,192,195,186,202,148,85,66,53,74,2796
1,New South Wales,11650,Central Coast (C) (NSW),20185,30776,17808,16428,19950,19232,19421,20590,20236,22759,21507,22550,21680,19597,18905,14172,9690,10323,345809
1,New South Wales,11700,Central Darling (A),121,204,74,95,98,99,127,139,103,108,93,131,125,83,97,77,22,33,1829
1,New South Wales,11720,Cessnock (C),4272,5980,3404,2785,3662,4471,4322,4115,3460,3820,3564,3676,3645,3328,2829,1788,1061,1074,61256
1,New South Wales,11730,Clarence Valley (A),2621,4136,2569,2250,2357,1928,2275,2341,2510,3111,3257,4009,4266,4178,3769,2635,1764,1754,51730
1,New South Wales,11750,Cobar (A),324,414,245,176,203,320,326,335,274,219,258,340,321,226,179,111,92,54,4417
1,New South Wales,11800,Coffs Harbour (C),4393,7044,4154,3733,3946,3986,4307,4344,4217,4910,4762,5203,5411,5249,4476,3150,2218,2145,77648
1,New South Wales,12000,Coolamon (A),242,395,271,247,137,173,211,203,255,250,303,298,283,270,258,193,147,155,4291
1,New South Wales,12150,Coonamble (A),346,361,215,184,187,195,215,237,154,245,255,294,288,209,214,128,97,83,3907
1,New South Wales,12160,Cootamundra-Gundagai Regional (A),588,970,645,549,501,484,468,571,533,685,627,771,834,805,748,609,448,389,11225
1,New South Wales,12350,Cowra (A),727,1061,659,620,703,634,544,604,612,766,786,919,901,893,862,603,461,375,12730
1,New South Wales,12380,Cumberland (A),18750,22436,10674,9908,17644,24086,24783,21013,15679,12994,12386,12255,11235,8947,7237,5166,3692,3789,242674
1,New South Wales,12390,Dubbo Regional (A),4074,5422,2852,2540,3312,3863,3843,3401,3016,3214,3099,3290,3119,2700,2239,1699,1200,1161,54044
1,New South Wales,12700,Dungog (A),528,892,541,516,475,384,437,574,535,615,639,728,726,692,549,376,271,186,9664
1,New South Wales,12730,Edward River (A),544,757,441,414,520,557,428,460,428,578,512,598,726,616,540,370,288,306,9083
1,New South Wales,12750,Eurobodalla (A),1639,2719,1703,1607,1437,1259,1364,1604,1739,2285,2322,3107,3687,3768,3539,2346,1422,1405,38952
1,New South Wales,12850,Fairfield (C),12261,18434,10992,11592,15932,16190,14134,13034,12217,13449,13419,13652,12907,10541,8227,5598,4006,4240,210825
1,New South Wales,12870,Federation (A),595,1073,611,527,564,513,498,573,571,730,776,900,1006,1013,1042,689,492,425,12598
1,New South Wales,12900,Forbes (A),644,1006,542,562,581,515,531,537,485,562,546,653,583,592,567,423,333,258,9920
1,New South Wales,12930,Georges River (A),8558,12063,6560,7159,12610,15174,13685,11461,9393,9911,9318,9870,8901,7247,6267,4552,3489,4054,160272
1,New South Wales,12950,Gilgandra (A),280,428,232,196,200,237,186,199,201,213,248,315,300,265,251,206,156,116,4229
1,New South Wales,13010,Glen Innes Severn (A),435,751,441,391,398,415,395,468,435,509,526,682,721,636,614,493,293,270,8873
1,New South Wales,13310,Goulburn Mulwaree (A),1861,2822,1632,1419,1697,2052,1967,1851,1739,2086,1937,2183,1966,1901,1652,1216,762,811,31554
1,New South Wales,13340,Greater Hume Shire (A),606,1162,709,629,370,360,495,600,578,678,688,808,848,736,639,447,273,215,10841
1,New South Wales,13450,Griffith (C),1880,2573,1422,1384,1638,2048,2055,1662,1527,1578,1617,1695,1575,1333,1003,747,663,755,27155
1,New South Wales,13550,Gunnedah (A),956,1324,672,553,663,812,844,789,652,702,737,833,825,637,549,462,390,290,12690
1,New South Wales,13660,Gwydir (A),283,504,283,214,219,224,216,247,254,322,326,411,413,352,404,293,181,153,5299
1,New South Wales,13800,Hawkesbury (C),4308,6236,3601,3615,4809,4769,4403,4016,3908,4869,4620,4491,3843,3169,2825,1940,1271,1056,67749
1,New South Wales,13850,Hay (A),169,229,168,156,148,174,151,138,114,168,187,292,230,154,156,139,103,67,2943
1,New South Wales,13910,Hilltops (A),1159,1798,1013,937,903,883,824,878,996,1078,1174,1319,1289,1231,1222,841,544,528,18617
1,New South Wales,14000,Hornsby (A),8007,15251,8425,8054,9619,7554,7828,10615,11369,11715,10255,9780,8542,7236,6206,4638,3492,3833,152419
1,New South Wales,14100,Hunters Hill (A),634,1325,1071,1084,823,747,641,760,898,1097,1031,950,813,779,771,548,391,599,14962
1,New South Wales,14170,Inner West (A),10730,13573,6585,6011,14145,22048,21262,18460,15065,14905,12333,11323,9411,8080,6672,4579,3299,3399,201880
1,New South Wales,14220,Inverell (A),1106,1686,981,974,947,986,917,875,890,1083,1066,1210,1125,1103,1029,721,601,480,17780
1,New South Wales,14300,Junee (A),384,544,304,256,366,529,509,474,429,439,392,430,460,381,315,230,122,112,6676
1,New South Wales,14350,Kempsey (A),1731,2508,1401,1263,1425,1264,1588,1403,1479,1676,1843,2267,2517,2402,2142,1325,832,855,29921
1,New South Wales,14400,Kiama (A),1162,2021,1173,1072,1252,1011,1072,1263,1311,1469,1383,1645,1853,1840,1545,1171,681,761,23685
1,New South Wales,14500,Ku-ring-gai (A),5573,13210,8209,8080,8175,5335,4777,7518,8768,9963,9319,8383,6699,5727,5509,4368,3376,4614,127603
1,New South Wales,14550,Kyogle (A),432,686,458,396,320,269,247,376,423,512,654,816,883,794,662,373,244,243,8788
1,New South Wales,14600,Lachlan (A),486,695,333,245,277,361,331,383,300,300,309,394,423,339,311,234,199,169,6089
1,New South Wales,14650,Lake Macquarie (C),12367,18973,10436,9616,12012,11239,12070,12634,12164,13535,12889,13333,13173,12283,11288,8326,5688,5749,207775
1,New South Wales,14700,Lane Cove (A),2596,3501,1724,1616,2136,2947,3994,3855,3209,2801,2336,2191,1959,1565,1472,1050,675,907,40534
1,New South Wales,14750,Leeton (A),754,1046,812,771,553,644,687,557,586,671,684,786,728,564,516,409,309,266,11343
1,New South Wales,14850,Lismore (C),2221,3696,2379,2160,2467,2266,2196,2371,2598,2936,2921,3230,3423,3002,2172,1487,1035,1107,43667
1,New South Wales,14870,Lithgow (C),1093,1766,1088,940,1054,1110,1184,1179,1101,1402,1366,1637,1557,1440,1386,993,597,623,21516
1,New South Wales,14900,Liverpool (C),17417,24191,13214,12617,16543,17185,17622,17760,15609,15309,13765,13267,10976,8488,6821,4627,3198,2687,231296
1,New South Wales,14920,Liverpool Plains (A),423,736,424,403,336,329,400,385,389,480,518,543,623,540,476,403,254,191,7853
1,New South Wales,14950,Lockhart (A),217,349,166,158,145,134,150,156,146,181,199,245,246,234,187,128,86,132,3259
1,New South Wales,15050,Maitland (C),6048,9135,4850,4203,5399,6398,6544,5966,5469,5699,5245,5043,4616,4061,3499,2349,1487,1384,87395
1,New South Wales,15240,Mid-Coast (A),4300,7033,4297,3981,3828,3440,3663,3956,4209,5285,5554,7017,7964,8416,8164,5838,3837,3613,94395
1,New South Wales,15270,Mid-Western Regional (A),1600,2641,1434,1106,1108,1266,1515,1538,1423,1567,1693,1735,1688,1456,1361,1042,641,553,25367
1,New South Wales,15300,Moree Plains (A),1020,1374,726,504,751,877,872,750,766,777,888,908,801,626,553,437,244,203,13077
1,New South Wales,15350,Mosman (A),1469,2651,1590,1428,1536,1449,1894,2038,2114,2260,2223,2047,1784,1592,1678,1251,825,956,30785
1,New South Wales,15520,Murray River (A),631,1113,653,526,472,440,522,637,640,719,711,946,927,956,945,727,407,358,12330
1,New South Wales,15560,Murrumbidgee (A),232,344,240,213,254,217,215,202,179,253,248,282,298,220,194,130,105,90,3916
1,New South Wales,15650,Muswellbrook (A),1216,1713,974,785,860,1025,1197,1124,981,1086,1097,1099,899,735,625,414,278,247,16355
1,New South Wales,15700,Nambucca Valley (A),1053,1492,981,889,779,765,732,799,879,1177,1195,1648,1752,1686,1553,1102,696,683,19861
1,New South Wales,15750,Narrabri (A),899,1415,753,610,696,692,783,718,754,747,787,967,854,731,620,467,302,254,13049
1,New South Wales,15800,Narrandera (A),368,609,330,219,266,312,242,298,315,377,335,442,442,383,350,243,150,177,5858
1,New South Wales,15850,Narromine (A),425,667,377,324,330,319,320,394,313,379,327,427,434,411,336,266,204,207,6460
1,New South Wales,15900,Newcastle (C),9335,13534,7200,7710,14275,15206,12717,11417,10025,10710,9716,9992,9461,7678,6526,4697,3486,3678,167363
1,New South Wales,15950,North Sydney (A),4230,4112,1845,1784,3245,7774,9548,8007,5627,4793,4245,4143,3840,3512,3227,2328,1451,1383,75094
1,New South Wales,15990,Northern Beaches (A),15300,25292,14430,13170,15366,15684,17090,19182,19441,21395,18845,17630,14537,12399,11616,9242,6416,7006,274041
1,New South Wales,16100,Oberon (A),293,424,273,256,351,287,248,246,285,355,378,430,350,391,388,232,141,91,5419
1,New South Wales,16150,Orange (C),3159,4388,2329,2080,2498,2749,3056,2813,2506,2646,2428,2425,2277,2096,1811,1326,962,954,42503
1,New South Wales,16200,Parkes (A),996,1415,816,757,856,812,816,796,758,833,890,1033,940,919,709,565,402,415,14728
1,New South Wales,16260,Parramatta (C),17451,23066,10000,9674,15799,22731,27682,26527,18654,15662,13430,13594,12319,10132,8414,5981,4373,4807,260296
1,New South Wales,16350,Penrith (C),15993,21642,11215,10567,14943,17371,17821,16655,14342,13918,12399,11872,11059,9100,7470,4584,2902,2429,216282
1,New South Wales,16380,Port Macquarie-Hastings (A),4043,7169,4431,3926,3629,3598,3995,4211,4306,5391,5130,5810,6154,6242,6378,4909,3295,3335,85952
1,New South Wales,16400,Port Stephens (A),3827,6355,3933,3361,3809,3490,3780,3876,3790,4808,4526,5321,5209,5221,5105,3830,2255,2010,74506
1,New South Wales,16490,Queanbeyan-Palerang Regional (A),4267,5797,3190,2794,3222,4066,4714,4390,4199,4680,4708,4340,3655,2898,2283,1407,900,729,62239
1,New South Wales,16550,Randwick (C),7745,10495,5307,7001,17358,18356,14320,12425,10095,9531,8389,7778,6781,5818,5300,3926,2870,3124,156619
1,New South Wales,16610,Richmond Valley (A),1336,2155,1245,1186,1309,1070,1075,1066,1164,1403,1482,1631,1688,1619,1491,1090,730,750,23490
1,New South Wales,16700,Ryde (C),7570,10093,4738,5077,10741,12923,13165,11812,8986,7951,7120,7182,6592,5547,4579,3213,2692,3243,133224
1,New South Wales,16900,Shellharbour (C),4624,6985,4025,3882,4921,4784,4691,4723,4475,4995,4481,4797,4537,3767,3374,2453,1639,1469,74622
1,New South Wales,16950,Shoalhaven (C),5634,8629,4973,4565,5345,5262,5337,5453,5292,6126,6127,7388,8292,8367,7795,5606,3686,3314,107191
1,New South Wales,17000,Singleton (A),1575,2466,1372,1198,1167,1465,1535,1488,1441,1662,1629,1610,1426,1120,919,594,376,337,23380
1,New South Wales,17040,Snowy Monaro Regional (A),981,1687,1134,905,1056,1220,1308,1195,1258,1492,1513,1538,1480,1290,1164,799,501,476,20997
1,New South Wales,17080,Snowy Valleys (A),870,1340,739,635,608,672,771,806,784,868,896,1045,1127,988,868,629,416,350,14412
1,New South Wales,17100,Strathfield (A),2584,3171,1681,2046,4615,6483,5431,3869,2604,2402,2344,2361,2204,1747,1347,1046,811,1021,47767
1,New South Wales,17150,Sutherland Shire (A),13723,20910,11841,11090,13985,14674,14414,15346,15312,16936,14693,14907,13910,11527,10261,7583,5323,5934,232369
1,New South Wales,17200,Sydney (C),9109,6649,2752,6843,31981,45686,38333,25550,15768,12843,10964,10532,8950,7377,6308,4002,2583,2506,248736
1,New South Wales,17310,Tamworth Regional (A),3987,6048,3613,3249,3388,3973,4096,3738,3391,3751,3745,3860,3755,3476,2991,2305,1647,1532,62545
1,New South Wales,17350,Temora (A),369,562,342,291,291,261,356,258,316,340,389,483,424,428,415,309,235,205,6274
1,New South Wales,17400,Tenterfield (A),288,462,276,272,212,171,208,205,326,412,388,558,624,726,607,356,222,157,6470
1,New South Wales,17420,The Hills Shire (A),10489,19809,10807,10114,12381,10288,10264,13967,14217,13905,11775,10736,9600,8325,7164,4767,2876,2307,183791
1,New South Wales,17550,Tweed (A),5132,8308,4823,4325,4729,4185,4545,5258,5538,6279,5957,6805,7413,6998,6206,4781,3372,3728,98382
1,New South Wales,17620,Upper Hunter Shire (A),801,1317,911,712,682,686,889,848,851,938,887,925,974,804,729,474,367,372,14167
1,New South Wales,17640,Upper Lachlan Shire (A),441,720,415,368,413,330,347,401,415,538,554,694,653,574,494,409,244,264,8274
1,New South Wales,17650,Uralla (A),287,499,371,263,292,224,248,244,343,396,421,520,453,467,370,284,142,120,5944
1,New South Wales,17750,Wagga Wagga (C),4607,6373,3478,3456,5091,4986,4681,4161,3556,3966,3637,3796,3607,3184,2574,1922,1315,1380,65770
1,New South Wales,17850,Walcha (A),165,247,163,125,97,165,127,162,134,205,170,213,222,248,226,195,137,104,3105
1,New South Wales,17900,Walgett (A),376,549,371,178,168,341,337,302,307,350,361,467,477,427,351,264,140,62,5828
1,New South Wales,17950,Warren (A),161,279,168,107,124,109,179,158,145,149,165,186,190,149,164,113,79,91,2716
1,New South Wales,18020,Warrumbungle Shire (A),493,782,542,511,321,293,367,407,466,540,584,680,715,672,686,471,341,338,9209
1,New South Wales,18050,Waverley (A),4506,5253,2687,2319,3966,8113,9245,7276,5355,4885,4011,3658,3093,2642,2620,1697,1274,1676,74276
1,New South Wales,18100,Weddin (A),162,284,181,143,153,109,149,121,216,186,250,297,260,306,283,218,143,135,3596
1,New South Wales,18200,Wentworth (A),441,666,400,325,291,334,345,343,356,467,456,563,520,494,451,295,192,151,7090
1,New South Wales,18250,Willoughby (C),4483,7921,4030,3394,4917,5637,6256,6928,6437,5925,4946,4557,3887,3430,3094,2028,1455,1871,81196
1,New South Wales,18350,Wingecarribee (A),2495,4362,2798,2871,2490,2029,2262,2533,2703,3421,3350,3527,3462,3553,3704,2892,1809,1499,51760
1,New South Wales,18400,Wollondilly (A),3616,5656,3221,2988,3491,3297,3522,3439,3450,3902,3416,3344,2940,2594,2161,1370,920,678,54005
1,New South Wales,18450,Wollongong (C),12597,18597,10245,10798,17656,16756,14614,14001,13158,14272,12838,13532,12304,10467,9443,7257,5533,5730,219798
1,New South Wales,18500,Woollahra (A),2813,4210,2501,2264,3185,5386,5296,4574,3719,3838,3595,3489,3153,2788,3052,2280,1500,1788,59431
1,New South Wales,18710,Yass Valley (A),980,1782,1088,888,811,812,752,911,1115,1475,1286,1174,1160,969,878,591,319,330,17321
1,New South Wales,19399,Unincorporated NSW,62,105,50,10,22,51,71,91,71,55,58,68,79,53,43,17,34,21,961
2,Victoria,20110,Alpine (S),554,950,717,540,549,550,561,633,752,949,847,1066,1076,956,935,579,404,355,12973
2,Victoria,20260,Ararat (RC),598,875,558,483,546,609,670,686,698,736,870,849,919,851,733,547,359,378,11965
2,Victoria,20570,Ballarat (C),6995,10191,5631,5320,8053,8575,7292,6973,6575,6914,6423,6759,6350,5692,5140,3513,2425,2540,111361
2,Victoria,20660,Banyule (C),7815,11596,6026,5494,7831,8994,9402,9491,9214,9043,8224,7719,7386,6601,6061,4551,3134,3358,131940
2,Victoria,20740,Bass Coast (S),1886,2927,1677,1494,1368,1583,1877,1973,1916,2162,2261,2732,3105,3228,2901,1967,1175,1213,37445
2,Victoria,20830,Baw Baw (S),3388,5175,2884,2487,3172,3268,3450,3224,3010,3235,3358,3725,3594,3295,3011,2120,1375,1113,54884
2,Victoria,20910,Bayside (C),4852,9725,6378,5862,6190,4896,4243,5938,6876,8790,8356,7733,6648,5768,5301,3847,2576,3562,107541
2,Victoria,21010,Benalla (RC),709,1032,654,624,694,571,715,638,646,808,914,1107,1151,1137,1039,735,486,477,14137
2,Victoria,21110,Boroondara (C),7431,14674,10064,10450,15083,14636,12352,10732,10863,12596,12336,11539,9808,8358,7806,5479,4010,4806,183023
2,Victoria,21180,Brimbank (C),13156,17289,9299,9760,15380,18058,16615,14932,12756,13032,12611,12141,11626,10107,8596,5656,3737,3496,208247
2,Victoria,21270,Buloke (S),283,445,334,282,237,181,274,236,269,370,420,492,546,485,401,296,244,306,6101
2,Victoria,21370,Campaspe (S),1996,3255,1914,1856,2056,1828,1759,1865,1891,2352,2517,2732,2754,2576,2200,1767,1250,1107,37675
2,Victoria,21450,Cardinia (S),9217,12593,6436,5746,7248,9017,9764,8921,7556,7583,6774,6190,5419,4378,3894,2619,1518,1320,116193
2,Victoria,21610,Casey (C),28094,39621,19729,18245,25292,27899,29838,31114,25398,23674,21231,19271,16483,12934,10368,6707,4623,4079,364600
2,Victoria,21670,Central Goldfields (S),566,965,620,575,648,587,531,503,587,736,850,969,1055,1125,1010,763,564,438,13092
2,Victoria,21750,Colac-Otway (S),1193,1855,1054,994,1104,1138,1127,1186,1087,1347,1443,1498,1614,1547,1254,960,625,636,21662
2,Victoria,21830,Corangamite (S),812,1348,878,741,823,727,703,698,815,978,1128,1247,1214,1143,1018,675,521,460,15929
2,Victoria,21890,Darebin (C),9055,11642,5878,5729,12411,17273,17725,14849,11455,11118,9837,8742,7530,5920,5129,4182,3670,4285,166430
2,Victoria,22110,East Gippsland (S),2384,3707,2131,2009,1995,1943,2137,2191,2202,2608,2898,3488,3860,4175,4033,2750,1677,1537,47725
2,Victoria,22170,Frankston (C),9402,12416,6685,6230,8379,9753,10558,10425,9459,10130,9168,9086,8284,6845,6197,4304,2991,3026,143338
2,Victoria,22250,Gannawarra (S),480,811,482,479,473,403,429,479,455,579,710,771,799,888,779,570,432,381,10400
2,Victoria,22310,Glen Eira (C),8606,13541,7464,6984,11076,13974,12994,12009,10445,10821,9671,8774,7880,6685,6095,3874,3127,4196,158216
2,Victoria,22410,Glenelg (S),1016,1426,945,1009,980,813,725,942,1017,1285,1431,1628,1663,1519,1208,868,590,556,19621
2,Victoria,22490,Golden Plains (S),1488,2599,1582,1376,1286,1139,1388,1531,1597,1884,1754,1588,1476,1317,1098,634,283,229,24249
2,Victoria,22620,Greater Bendigo (C),7427,11118,6119,5996,8083,8320,7747,7379,6798,7436,7009,7605,7333,6560,5594,3969,2754,2733,119980
2,Victoria,22670,Greater Dandenong (C),11235,13514,7122,7910,12776,15145,14753,13257,10110,9864,9224,9016,8766,7486,6658,4656,3454,3416,168362
2,Victoria,22750,Greater Geelong (C),15795,22857,12356,12389,17879,19542,18252,17103,15525,16944,15532,15938,15676,14303,12925,8976,6312,6562,264866
2,Victoria,22830,Greater Shepparton (C),4498,6450,3564,3455,4024,4024,4266,4042,3782,4282,4172,4279,3993,3637,3169,2246,1627,1560,67070
2,Victoria,22910,Hepburn (S),707,1242,725,597,595,551,678,784,850,1102,1220,1309,1467,1435,1184,776,463,472,16157
2,Victoria,22980,Hindmarsh (S),300,422,234,261,240,225,235,271,258,316,367,458,453,425,373,297,169,288,5592
2,Victoria,23110,Hobsons Bay (C),6424,8636,4142,3870,5372,6588,7770,7963,7016,6922,6332,6161,5539,4468,3828,2675,2016,2467,98189
2,Victoria,23190,Horsham (RC),1236,1892,1060,926,1120,1269,1209,1120,1041,1200,1220,1291,1335,1176,947,721,577,678,20018
2,Victoria,23270,Hume (C),19040,25600,12803,11981,16931,19606,21000,19548,15737,14374,14133,13417,10996,8858,7004,4602,2970,2588,241188
2,Victoria,23350,Indigo (S),845,1460,901,884,740,539,727,840,1037,1227,1197,1399,1362,1242,1092,632,398,363,16885
2,Victoria,23430,Kingston (C) (Vic.),9572,14060,7531,7245,10018,10775,11964,12343,11663,12268,11328,10121,9341,8019,7112,5350,4081,4502,167293
2,Victoria,23670,Knox (C),9210,13985,7510,7829,11150,11388,11680,11599,10873,11183,10919,10798,9782,8515,7021,4951,3503,3251,165147
2,Victoria,23810,Latrobe (C) (Vic.),4613,6441,3567,3493,4563,5351,4930,4483,4077,4509,4756,5285,5228,4496,3904,2622,1794,1803,75915
2,Victoria,23940,Loddon (S),332,572,335,368,263,185,244,331,329,450,567,630,725,626,569,387,265,295,7473
2,Victoria,24130,Macedon Ranges (S),3071,5309,2974,2643,2726,1883,2292,3198,3469,4116,3673,3561,3198,2905,2607,1621,927,798,50971
2,Victoria,24210,Manningham (C),6016,10582,5930,6386,8663,8008,7394,8095,7982,8435,8616,8324,7725,6449,6220,5392,4351,4361,128929
2,Victoria,24250,Mansfield (S),380,809,618,452,369,414,420,494,512,550,569,710,783,745,733,457,262,197,9474
2,Victoria,24330,Maribyrnong (C),6064,6562,2816,2961,7078,11478,11557,9755,7121,6069,5208,4524,4115,3121,2381,1595,1177,1400,94982
2,Victoria,24410,Maroondah (C),7363,10575,5713,5440,7216,7793,8865,9176,8177,8216,7524,7287,6413,5675,4955,3751,2578,2684,119401
2,Victoria,24600,Melbourne (C),4882,4538,2115,8868,38434,38546,25834,15072,8554,6753,5941,5859,5060,4443,3611,2320,1467,1459,183756
2,Victoria,24650,Melton (C),14122,20143,10021,8635,10974,13038,15378,14962,13220,12158,9555,7936,6779,5928,4407,2482,1530,1232,172500
2,Victoria,24780,Mildura (RC),3617,5022,2775,2751,3438,4034,3598,3251,3031,3379,3396,3524,3568,3174,2738,1859,1381,1401,55937
2,Victoria,24850,Mitchell (S),3270,4827,2452,2435,3062,3218,3504,3346,2843,3156,3086,2995,2631,2253,1923,1270,697,679,47647
2,Victoria,24900,Moira (S),1644,2431,1463,1378,1625,1413,1443,1445,1380,1745,1894,2145,2199,2207,2150,1490,1013,953,30018
2,Victoria,24970,Monash (C),9062,15685,8648,10042,23162,19514,14832,13577,12410,12572,11444,10474,9516,8479,7786,6519,5418,5796,204936
2,Victoria,25060,Moonee Valley (C),7135,10088,5620,5535,8603,10951,11194,10287,8796,9021,8619,7660,6949,5761,5141,3817,3192,3384,131753
2,Victoria,25150,Moorabool (S),2226,3606,1963,1699,2149,1939,2220,2453,2394,2546,2400,2479,2071,1963,1660,1098,575,572,36013
2,Victoria,25250,Moreland (C),11510,13380,6339,6001,14066,21023,22180,18148,13344,11407,10000,9116,7900,6111,5215,4222,4130,4670,188762
2,Victoria,25340,Mornington Peninsula (S),8294,14140,8366,7649,8631,7724,7989,8646,9488,11556,11169,11187,11352,11257,11314,8522,5881,5697,168862
2,Victoria,25430,Mount Alexander (S),842,1457,878,782,766,738,925,1024,1182,1386,1508,1551,1662,1770,1378,974,586,592,20001
2,Victoria,25490,Moyne (S),951,1635,1045,850,801,782,792,930,908,1163,1155,1270,1241,1201,980,567,400,356,17027
2,Victoria,25620,Murrindindi (S),667,1111,666,560,694,674,685,790,788,973,1035,1140,1309,1164,1042,672,390,301,14661
2,Victoria,25710,Nillumbik (S),3368,6177,3895,3857,4478,3373,2887,3652,4221,5165,5019,4874,4388,3536,2838,1762,952,777,65219
2,Victoria,25810,Northern Grampians (S),587,788,514,520,492,549,581,525,560,673,785,909,914,861,816,571,389,369,11403
2,Victoria,25900,Port Phillip (C),5298,5955,2926,2757,6622,13966,15640,12002,8504,8079,7143,6807,5867,4766,4128,2635,1714,1667,116476
2,Victoria,25990,Pyrenees (S),319,597,317,337,308,215,306,373,413,507,564,574,680,712,577,381,209,166,7555
2,Victoria,26080,Queenscliffe (B),104,152,99,106,135,70,65,108,99,148,174,216,257,325,319,251,194,186,3008
2,Victoria,26170,South Gippsland (S),1531,2705,1543,1374,1308,1200,1383,1504,1553,1913,2023,2340,2337,2320,2086,1380,942,806,30248
2,Victoria,26260,Southern Grampians (S),887,1327,796,826,801,749,728,811,793,1032,1073,1156,1187,1194,1029,702,459,584,16134
2,Victoria,26350,Stonnington (C),4568,6233,3807,4063,9785,15807,14637,9835,6697,6834,6425,6050,5447,4982,4698,3439,2578,2729,118614
2,Victoria,26430,Strathbogie (S),503,813,451,400,480,476,492,524,530,574,681,869,979,1021,880,561,393,365,10992
2,Victoria,26490,Surf Coast (S),2158,3499,1890,1614,1588,1283,2012,2413,2544,2566,2218,2260,2345,2149,1791,1161,657,623,34771
2,Victoria,26610,Swan Hill (RC),1405,1880,946,971,1188,1326,1322,1165,1163,1134,1230,1387,1336,1239,998,740,522,582,20534
2,Victoria,26670,Towong (S),301,473,297,307,243,210,216,265,292,338,431,518,519,516,449,341,198,188,6102
2,Victoria,26700,Wangaratta (RC),1622,2546,1530,1509,1423,1308,1398,1532,1632,1967,1862,2013,2065,1903,1753,1261,860,1013,29197
2,Victoria,26730,Warrnambool (C),1999,3059,1709,1731,2274,2661,2307,2003,2004,2189,2211,2234,2263,1999,1740,1245,888,1017,35533
2,Victoria,26810,Wellington (S),2458,3745,2221,2008,2382,2459,2493,2771,2485,2782,2852,3236,3321,3102,2669,1701,1108,977,44770
2,Victoria,26890,West Wimmera (S),220,324,162,189,170,114,186,177,153,246,282,314,297,250,256,191,150,129,3810
2,Victoria,26980,Whitehorse (C),8654,14389,8039,8852,15983,15362,13333,12314,11343,11944,10947,9836,9150,7752,6884,5685,4725,5543,180735
2,Victoria,27070,Whittlesea (C),17808,24061,11292,10410,15723,18534,21354,20971,16445,15018,13126,12435,10808,9085,7682,5066,3685,3036,236539
2,Victoria,27170,Wodonga (C),2923,4309,2260,2133,2910,3126,3121,2650,2377,2683,2463,2613,2369,2174,1815,1175,782,779,42662
2,Victoria,27260,Wyndham (C),26445,34864,14805,12380,16462,20854,28415,30754,21903,17127,13799,12263,10603,8273,6221,3868,2333,1925,283294
2,Victoria,27350,Yarra (C),4515,4799,2291,2459,7520,16308,16062,10246,6898,5581,5317,4884,4545,3577,3200,2137,1401,1385,103125
2,Victoria,27450,Yarra Ranges (S),9650,14424,8037,7814,9857,9746,10655,10580,10103,11382,10828,10565,9734,8315,7318,4941,3063,2943,159955
2,Victoria,27630,Yarriambiack (S),319,520,346,276,277,254,294,287,316,302,446,552,582,489,458,395,219,256,6588
2,Victoria,29399,Unincorporated Vic,18,53,47,25,56,150,100,78,56,58,60,27,27,57,31,25,13,13,894
3,Queensland,30250,Aurukun (S),152,171,83,77,106,127,109,111,66,102,77,70,65,31,16,7,0,0,1370
3,Queensland,30300,Balonne (S),342,432,256,194,222,247,274,253,232,278,293,307,276,251,203,112,79,70,4321
3,Queensland,30370,Banana (S),947,1496,832,634,691,813,902,972,923,876,882,1004,879,722,561,400,285,246,14065
3,Queensland,30410,Barcaldine (R),159,292,159,86,123,143,181,180,172,192,184,209,174,164,132,122,85,57,2814
3,Queensland,30450,Barcoo (S),12,17,11,4,11,29,7,21,13,11,16,37,21,20,8,10,7,8,263
3,Queensland,30760,Blackall-Tambo (R),119,199,91,59,48,95,101,101,91,91,110,165,148,120,117,87,53,50,1845
3,Queensland,30900,Boulia (S),40,25,30,15,20,43,21,30,25,24,22,32,30,23,19,8,4,5,416
3,Queensland,31000,Brisbane (C),72894,106004,57883,58046,104564,119000,110798,100493,86630,86791,76063,69273,59666,49134,42252,29927,20898,22683,1272999
3,Queensland,31750,Bulloo (S),13,26,18,9,24,14,17,29,16,13,22,32,38,18,11,11,2,11,324
3,Queensland,31820,Bundaberg (R),4751,7996,5073,4707,4753,5032,4969,4950,4974,5776,5851,7000,6831,6637,6543,4819,3130,2572,96364
3,Queensland,31900,Burdekin (S),900,1288,902,829,902,988,799,815,897,1102,1131,1207,1208,1143,986,781,521,554,16953
3,Queensland,31950,Burke (S),23,25,18,9,27,27,32,31,24,18,21,25,28,25,15,2,3,1,354
3,Queensland,32080,Cairns (R),10754,15960,9448,8548,9314,11044,11983,11716,11564,12347,11369,10938,9771,8342,6624,4124,2456,2147,168449
3,Queensland,32250,Carpentaria (S),139,197,108,86,97,122,158,126,119,134,127,159,105,110,93,42,26,22,1970
3,Queensland,32260,Cassowary Coast (R),1803,2533,1498,1393,1451,1607,1637,1645,1538,1729,2038,2255,2331,2052,1698,1232,807,717,29964
3,Queensland,32270,Central Highlands (R) (Qld),2297,3560,1771,1301,1411,2020,2236,2353,1973,2031,1830,1825,1457,1000,723,463,282,194,28727
3,Queensland,32310,Charters Towers (R),620,1084,832,825,559,552,627,617,685,733,699,762,756,713,674,460,281,252,11731
3,Queensland,32330,Cherbourg (S),182,236,100,104,119,129,58,63,70,56,61,45,47,22,7,11,2,23,1335
3,Queensland,32450,Cloncurry (S),219,272,138,117,153,208,270,279,200,196,183,207,223,136,103,59,15,26,3004
3,Queensland,32500,Cook (S),272,427,264,140,209,345,311,255,269,304,279,350,367,304,278,125,57,39,4595
3,Queensland,32600,Croydon (S),23,30,22,0,7,18,19,29,16,22,25,12,24,14,7,4,8,5,285
3,Queensland,32750,Diamantina (S),11,26,5,5,30,40,25,21,16,17,21,17,21,12,12,2,4,1,286
3,Queensland,32770,Doomadgee (S),196,265,159,126,116,100,131,100,76,81,37,48,61,23,7,5,1,2,1534
3,Queensland,32810,Douglas (S),608,954,574,487,555,720,842,788,806,895,812,1051,968,844,663,469,233,157,12426
3,Queensland,33100,Etheridge (S),66,84,38,24,36,12,65,37,26,62,37,71,46,71,47,45,19,8,794
3,Queensland,33200,Flinders (S) (Qld),108,158,49,55,52,118,110,77,69,109,100,75,110,108,86,86,10,32,1512
3,Queensland,33220,Fraser Coast (R),4993,8571,5530,4850,4269,4376,4600,5214,5477,6442,6561,7883,8525,9052,9071,6110,3714,2945,108183
3,Queensland,33360,Gladstone (R),4518,7101,3889,3474,3284,3851,4275,4400,4164,4619,4408,4439,3703,2842,2256,1298,755,585,63861
3,Queensland,33430,Gold Coast (C),35994,55179,30942,30323,42808,46074,44773,43603,41182,44374,39747,38230,34724,31446,29217,20334,13336,12905,635191
3,Queensland,33610,Goondiwindi (R),786,1143,655,508,492,613,669,691,610,600,685,704,692,615,529,349,267,209,10817
3,Queensland,33620,Gympie (R),2688,4516,2922,2480,2131,2255,2456,2765,2697,3277,3538,4085,4154,4087,3641,2523,1461,1259,52935
3,Queensland,33800,Hinchinbrook (S),449,739,483,576,502,413,392,459,444,609,696,911,853,809,762,582,459,507,10645
3,Queensland,33830,Hope Vale (S),133,134,85,68,94,113,90,64,72,63,54,46,46,24,19,9,14,12,1140
3,Queensland,33960,Ipswich (C),18412,26132,13142,11871,15382,18204,19005,17672,14440,14527,13050,12329,10334,8362,6652,4614,3103,2614,229845
3,Queensland,33980,Isaac (R),1813,2615,1128,788,869,1635,2040,2005,1535,1478,1293,1248,976,652,472,216,125,99,20987
3,Queensland,34420,Kowanyama (S),81,133,82,52,88,93,73,63,69,78,57,40,43,36,11,0,1,3,1003
3,Queensland,34530,Livingstone (S),2097,3541,2095,2043,1887,1827,2054,2345,2328,2640,2555,2876,2724,2505,1964,1381,920,835,38617
3,Queensland,34570,Lockhart River (S),55,114,73,43,80,76,73,40,43,44,43,39,27,25,12,10,5,8,810
3,Queensland,34580,Lockyer Valley (R),2441,3843,2286,2249,2809,3017,2707,2679,2337,2741,2703,2761,2480,2228,2053,1454,807,672,42267
3,Queensland,34590,Logan (C),26253,37218,19872,18490,23462,24598,24379,24318,21963,21991,20182,19082,16740,14411,12740,8015,4544,3727,341985
3,Queensland,34710,Longreach (R),197,294,152,130,248,209,233,216,169,179,228,288,255,194,183,97,69,66,3407
3,Queensland,34770,Mackay (R),7966,11780,6546,6051,6472,7294,7768,7948,7394,8122,8067,8264,7075,5727,4497,3109,1992,1830,117902
3,Queensland,34800,McKinlay (S),54,91,34,8,41,49,65,69,55,77,44,52,63,41,42,14,13,11,823
3,Queensland,34830,Mapoon (S),16,41,22,16,31,42,31,19,15,13,14,19,25,18,6,5,1,5,339
3,Queensland,34860,Maranoa (R),952,1326,730,516,616,885,930,880,730,785,771,837,716,611,499,382,250,272,12688
3,Queensland,34880,Mareeba (S),1302,1874,1230,1157,1106,1374,1342,1337,1285,1597,1558,1613,1627,1440,1190,1010,566,508,23116
3,Queensland,35010,Moreton Bay (R),29922,48035,26715,24277,29009,30715,30504,31724,30767,33128,30406,29030,25972,24257,22764,15193,9292,7929,479639
3,Queensland,35250,Mornington (S),91,167,113,84,99,92,91,95,89,64,61,57,59,26,16,9,9,9,1231
3,Queensland,35300,Mount Isa (C),1872,2027,976,928,1117,1782,1731,1436,1061,1171,1053,1076,820,579,400,313,162,74,18578
3,Queensland,35600,Murweh (S),294,413,239,192,199,299,287,240,216,240,270,323,302,235,161,129,93,88,4220
3,Queensland,35670,Napranum (S),143,141,88,68,97,103,72,55,61,53,67,64,38,20,14,6,2,7,1099
3,Queensland,35740,Noosa (S),2151,4310,3030,2759,2249,1782,2226,2769,3231,4217,3947,4426,4595,4423,4255,2921,1697,1599,56587
3,Queensland,35760,North Burnett (R),511,832,574,509,469,577,537,520,541,670,716,773,737,756,761,491,374,308,10656
3,Queensland,35780,Northern Peninsula Area (R),372,582,248,190,283,284,261,155,166,143,149,126,108,74,50,17,4,12,3224
3,Queensland,35790,Palm Island (S),239,446,175,163,244,232,183,167,147,155,171,132,97,77,30,11,9,6,2684
3,Queensland,35800,Paroo (S),127,145,68,64,52,96,99,85,72,82,95,131,129,103,89,57,38,22,1554
3,Queensland,36070,Pormpuraaw (S),86,114,76,44,43,48,58,61,67,55,60,47,44,23,26,3,1,0,856
3,Queensland,36150,Quilpie (S),70,92,39,15,20,57,49,53,39,47,53,74,68,41,24,19,8,6,774
3,Queensland,36250,Redland (C),8744,14397,8912,8349,9549,8540,8636,9768,9669,11280,10582,11222,10446,9178,8353,5633,3609,3464,160331
3,Queensland,36300,Richmond (S),82,89,28,19,35,58,72,66,33,40,44,76,55,48,22,22,10,14,813
3,Queensland,36370,Rockhampton (R),5537,8177,4684,4630,5350,5866,5621,5339,4600,5078,4681,5174,4660,3747,3124,2379,1721,1631,81999
3,Queensland,36510,Scenic Rim (R),2149,3917,2589,2253,2109,1767,1976,2453,2533,3221,3055,3194,3062,2829,2600,1845,1172,901,43625
3,Queensland,36580,Somerset (R),1396,2564,1512,1324,1269,1199,1338,1506,1471,1676,1762,1904,1894,1810,1656,1061,545,392,26279
3,Queensland,36630,South Burnett (R),1863,2830,1844,1566,1502,1485,1551,1502,1689,2004,2069,2337,2319,2404,2406,1564,965,732,32632
3,Queensland,36660,Southern Downs (R),1929,3119,1844,1842,1670,1590,1650,1714,1746,2099,2237,2533,2616,2606,2390,1719,1092,1011,35407
3,Queensland,36720,Sunshine Coast (R),17576,29660,17782,16652,18373,18066,18451,20316,20192,23604,22254,22340,21548,19879,18608,13634,8765,8782,336482
3,Queensland,36820,Tablelands (R),1315,2191,1458,1238,1024,1160,1107,1261,1223,1534,1758,1901,2017,1946,1761,1256,831,686,25667
3,Queensland,36910,Toowoomba (R),10615,16365,9501,8962,10544,11403,10646,10338,9596,10590,10057,10252,9897,9072,8143,6129,4188,4058,170356
3,Queensland,36950,Torres (S),311,505,247,271,260,314,338,280,270,226,185,234,191,136,64,44,27,21,3924
3,Queensland,36960,Torres Strait Island (R),482,861,356,274,417,526,421,317,297,240,218,200,195,148,101,63,50,12,5178
3,Queensland,37010,Townsville (C),12581,18437,10246,10485,16257,16187,14229,13688,12140,12760,11706,11791,10283,8420,7152,5078,2982,2378,196800
3,Queensland,37300,Weipa (T),397,561,293,217,187,263,411,413,354,376,295,275,172,119,55,46,5,6,4445
3,Queensland,37310,Western Downs (R),2395,3783,2093,1858,1726,2098,2174,2139,1938,2259,2155,2195,2033,1752,1499,1082,704,696,34579
3,Queensland,37340,Whitsunday (R),1989,3115,1744,1407,1986,2880,2800,2517,2235,2454,2205,2438,2304,2073,1683,1032,642,423,35927
3,Queensland,37400,Winton (S),64,81,51,34,55,76,66,72,77,71,92,70,84,83,73,52,12,22,1135
3,Queensland,37550,Woorabinda (S),102,162,74,82,69,109,58,63,38,59,45,41,35,20,15,9,4,10,995
3,Queensland,37570,Wujal Wujal (S),31,37,16,8,21,21,33,34,11,22,26,14,16,11,7,0,2,6,316
3,Queensland,37600,Yarrabah (S),316,434,271,252,269,202,228,194,140,139,150,117,88,55,30,34,7,7,2933
4,South Australia,40070,Adelaide (C),599,612,385,1335,5413,3982,2486,1793,1145,1141,1092,1356,1187,1086,1085,629,444,407,26177
4,South Australia,40120,Adelaide Hills (DC),2075,3675,2387,2215,2328,1459,1611,2130,2561,3090,3026,2998,2855,2578,2233,1354,824,763,40162
4,South Australia,40150,Adelaide Plains (DC),533,870,494,524,529,501,506,568,524,699,792,816,637,525,423,252,130,118,9441
4,South Australia,40220,Alexandrina (DC),1105,2053,1292,1191,1236,1015,1170,1197,1363,1687,1641,1980,2250,2451,2415,1766,1130,934,27876
4,South Australia,40250,Anangu Pitjantjatjara (AC),208,287,166,144,265,258,249,182,178,135,171,106,97,71,25,14,19,15,2590
4,South Australia,40310,Barossa (DC),1210,2296,1434,1237,1417,1064,1325,1509,1535,1720,1637,1805,1797,1617,1417,951,617,657,25245
4,South Australia,40430,Barunga West (DC),102,181,102,97,72,70,113,81,98,146,168,215,249,248,239,154,96,119,2550
4,South Australia,40520,Berri and Barmera (DC),579,921,554,561,646,519,534,575,500,702,710,768,823,747,645,409,304,339,10836
4,South Australia,40700,Burnside (C),1917,3910,2591,2823,3080,2288,1801,2338,2919,3261,2906,2930,2896,2705,2730,1971,1351,1710,46127
4,South Australia,40910,Campbelltown (C) (SA),2777,4325,2252,2383,3442,3526,3485,3673,3204,3464,3518,3226,2933,2491,2531,2142,1862,1848,53082
4,South Australia,41010,Ceduna (DC),302,311,144,186,152,219,253,196,152,213,216,211,236,217,166,115,61,73,3423
4,South Australia,41060,Charles Sturt (C),6476,8707,4783,5055,7874,9117,9038,8222,7239,7617,8109,7958,7180,6353,5821,4030,3324,3830,120733
4,South Australia,41140,Clare and Gilbert Valleys (DC),476,746,502,459,404,411,521,529,467,565,641,736,719,727,612,464,245,246,9470
4,South Australia,41190,Cleve (DC),94,192,82,96,61,89,102,116,97,103,117,138,129,109,104,58,40,53,1780
4,South Australia,41330,Coober Pedy (DC),125,162,60,56,70,108,165,117,95,93,133,123,122,98,105,114,55,19,1820
4,South Australia,41560,Copper Coast (DC),685,1101,656,659,692,712,760,726,675,739,953,1083,1252,1298,1239,860,558,480,15128
4,South Australia,41750,Elliston (DC),59,92,55,37,33,45,43,55,61,61,65,110,111,69,53,33,13,16,1011
4,South Australia,41830,Flinders Ranges (DC),102,121,63,73,69,86,99,77,85,93,103,146,125,147,131,99,30,39,1688
4,South Australia,41960,Franklin Harbour (DC),60,123,58,40,61,69,52,57,55,68,95,81,104,118,107,86,29,41,1304
4,South Australia,42030,Gawler (T),1419,2122,1196,1208,1687,1619,1501,1505,1298,1443,1582,1687,1593,1259,1194,947,754,704,24718
4,South Australia,42110,Goyder (DC),184,312,203,212,179,148,196,175,235,243,265,341,391,365,282,223,99,117,4170
4,South Australia,42250,Grant (DC),343,737,501,446,489,369,399,458,537,668,718,709,605,578,493,283,151,135,8619
4,South Australia,42600,Holdfast Bay (C),1442,2582,1496,1462,2153,2335,2162,2211,2103,2477,2324,2716,2781,2598,2360,1686,1159,1737,37784
4,South Australia,42750,Kangaroo Island (DC),239,439,195,222,186,220,212,306,250,305,330,392,463,401,381,240,120,120,5021
4,South Australia,43080,Karoonda East Murray (DC),55,89,64,58,46,60,57,30,71,58,83,70,80,72,82,60,21,45,1101
4,South Australia,43220,Kimba (DC),76,126,62,48,33,45,89,67,47,52,57,72,55,59,53,37,36,42,1056
4,South Australia,43360,Kingston (DC) (SA),135,171,113,89,101,84,105,120,95,136,140,181,187,215,190,150,93,75,2380
4,South Australia,43650,Light (RegC),786,1597,985,938,964,749,766,963,961,1158,1133,1147,1048,798,632,434,237,205,15501
4,South Australia,43710,Lower Eyre Peninsula (DC),320,540,314,328,284,206,291,350,356,432,447,443,438,349,312,195,123,86,5814
4,South Australia,43790,Loxton Waikerie (DC),614,993,591,577,576,505,615,577,603,740,792,866,828,874,762,532,331,361,11737
4,South Australia,44000,Maralinga Tjarutja (AC),3,0,0,0,12,11,1,0,9,13,0,7,7,1,0,0,0,0,64
4,South Australia,44060,Marion (C),5435,7551,3787,4002,6360,7239,7531,7066,6021,5837,5437,5607,5774,5162,4261,2938,2155,2716,94879
4,South Australia,44210,Mid Murray (DC),340,586,342,318,416,389,404,445,409,589,664,807,836,860,776,454,290,218,9143
4,South Australia,44340,Mitcham (C),3365,5984,3498,3562,4625,3707,3718,4201,4370,4775,4368,4278,3935,3515,3345,2598,1855,2208,67907
4,South Australia,44550,Mount Barker (DC),2415,3555,2067,1872,2419,2271,2380,2506,2315,2702,2565,2390,2279,1961,1690,1105,644,608,37744
4,South Australia,44620,Mount Gambier (C),1692,2658,1485,1380,1660,1671,1741,1654,1535,1730,1659,1729,1657,1462,1311,958,739,712,27433
4,South Australia,44830,Mount Remarkable (DC),130,190,137,132,148,116,100,125,124,151,213,268,281,232,212,167,94,93,2913
4,South Australia,45040,Murray Bridge (RC),1291,1854,1040,948,1495,1874,1725,1335,1155,1283,1389,1455,1405,1277,1220,912,612,577,22847
4,South Australia,45090,Naracoorte and Lucindale (DC),516,820,451,362,440,512,562,610,472,564,520,609,540,471,444,309,198,174,8574
4,South Australia,45120,Northern Areas (DC),253,395,226,215,210,217,238,220,219,253,296,383,366,344,325,222,116,127,4625
4,South Australia,45290,Norwood Payneham St Peters (C),1658,2677,1519,1501,2415,3252,2842,2450,2278,2324,2336,2392,2140,1997,1803,1359,1117,1402,37462
4,South Australia,45340,Onkaparinga (C),9909,15528,8455,8480,10796,10699,11101,11458,10757,11561,11183,11171,10694,10184,9310,5942,3724,3623,174575
4,South Australia,45400,Orroroo-Carrieton (DC),65,62,30,49,22,30,27,44,39,41,49,59,69,82,54,48,29,45,844
4,South Australia,45540,Peterborough (DC),55,98,65,67,76,44,88,92,57,95,92,150,190,158,110,98,66,67,1668
4,South Australia,45680,Playford (C),7770,11036,5203,4699,6881,8063,7821,6570,5348,5474,5526,5529,4857,3568,3040,2131,1626,1405,96547
4,South Australia,45890,Port Adelaide Enfield (C),8211,9990,5146,5314,8435,10177,11254,10616,8429,8093,7961,7776,7429,6093,5150,3521,2540,3395,129530
4,South Australia,46090,Port Augusta (C),836,1231,700,616,782,932,1034,799,763,836,858,994,896,757,657,456,328,222,13697
4,South Australia,46300,Port Lincoln (C),959,1376,775,709,828,802,981,921,811,877,906,954,925,855,699,580,383,409,14750
4,South Australia,46450,Port Pirie City and Dists (M),993,1472,929,970,1072,899,917,901,848,1118,1166,1245,1168,1085,976,803,538,476,17576
4,South Australia,46510,Prospect (C),1336,1835,1018,838,1476,1898,1697,1613,1424,1367,1384,1366,1334,1115,756,496,379,495,21827
4,South Australia,46670,Renmark Paringa (DC),537,778,471,522,517,601,663,560,529,597,638,632,700,648,618,359,265,291,9926
4,South Australia,46860,Robe (DC),71,86,46,54,40,108,75,85,72,73,96,144,124,109,105,84,57,43,1472
4,South Australia,46970,Roxby Downs (M),387,528,187,126,130,358,454,465,310,258,223,226,155,70,29,11,12,19,3948
4,South Australia,47140,Salisbury (C),9620,13749,7335,6821,9854,10610,11031,11042,9205,9029,8693,8628,7645,6571,5785,4088,2821,2345,144872
4,South Australia,47290,Southern Mallee (DC),107,177,115,88,98,79,138,138,117,117,139,141,142,150,121,78,72,72,2089
4,South Australia,47490,Streaky Bay (DC),139,250,113,89,58,112,132,113,139,128,130,162,175,185,125,79,41,34,2204
4,South Australia,47630,Tatiara (DC),341,635,367,346,413,369,370,398,387,451,486,493,441,403,352,229,160,186,6827
4,South Australia,47700,Tea Tree Gully (C),5397,8588,4966,4882,6347,5745,6259,6798,6409,6642,6616,6443,5976,5599,5347,3877,2531,2440,100862
4,South Australia,47800,The Coorong (DC),272,475,257,231,258,218,311,269,286,309,331,461,434,382,350,297,155,119,5415
4,South Australia,47910,Tumby Bay (DC),164,212,119,123,95,110,110,141,108,147,178,210,225,221,185,188,89,108,2733
4,South Australia,47980,Unley (C),1798,3060,1922,1916,2658,2859,2531,2500,2511,2615,2489,2441,2336,2298,2014,1320,984,1164,39416
4,South Australia,48050,Victor Harbor (C),571,1029,620,570,599,509,497,573,667,745,776,1024,1172,1542,1822,1302,823,883,15724
4,South Australia,48130,Wakefield (DC),375,616,362,371,331,309,387,343,329,454,435,519,495,505,364,251,156,171,6773
4,South Australia,48260,Walkerville (M),345,596,375,464,574,497,462,460,438,496,564,503,532,485,460,340,243,260,8094
4,South Australia,48340,Wattle Range (DC),593,1019,616,601,562,519,528,589,699,732,879,922,962,951,776,474,316,322,12060
4,South Australia,48410,West Torrens (C),3151,4248,2226,2157,4804,5994,5452,4647,3804,3784,3714,3608,3220,2738,2472,1969,1633,2114,61735
4,South Australia,48540,Whyalla (C),1291,1940,1136,1065,1158,1310,1361,1282,1089,1460,1524,1571,1356,1071,969,845,579,499,21506
4,South Australia,48640,Wudinna (DC),61,151,71,55,64,68,75,85,70,71,75,97,105,89,67,34,30,39,1307
4,South Australia,48750,Yankalilla (DC),231,379,228,212,206,146,243,247,234,341,339,459,594,619,510,337,188,166,5679
4,South Australia,48830,Yorke Peninsula (DC),480,784,428,392,409,329,437,474,474,499,680,967,1062,1131,1082,768,489,446,11331
4,South Australia,49399,Unincorporated SA,152,225,134,90,140,214,277,290,202,278,276,336,294,220,158,86,40,41,3453
5,Western Australia,50080,Albany (C),2065,3235,2133,2058,2135,1839,2179,2100,2136,2441,2475,2622,2614,2449,2039,1514,1117,1145,38296
5,Western Australia,50210,Armadale (C),7985,10354,4849,4119,5669,7016,8454,8161,6515,5566,5265,4827,4202,3671,3065,1839,1312,1059,93928
5,Western Australia,50250,Ashburton (S),740,1001,337,164,155,869,1912,1869,1486,1337,1106,1087,728,364,107,39,13,17,13331
5,Western Australia,50280,Augusta-Margaret River (S),1081,1803,950,769,594,668,1023,1307,1352,1308,1040,969,1130,989,687,469,293,269,16701
5,Western Australia,50350,Bassendean (T),1069,1315,680,644,898,947,1259,1270,1090,1125,1007,1021,943,819,704,466,349,365,15971
5,Western Australia,50420,Bayswater (C),4332,4742,2549,2470,4215,5456,6621,5663,4556,4513,4031,4161,3909,3526,3108,2112,1557,1517,69038
5,Western Australia,50490,Belmont (C),2729,3082,1421,1358,2812,4552,4580,3767,2787,2599,2337,2411,2125,1796,1520,1137,849,944,42806
5,Western Australia,50560,Beverley (S),69,117,87,64,53,45,74,110,69,108,121,151,165,166,152,103,67,47,1768
5,Western Australia,50630,Boddington (S),114,154,88,57,66,81,111,144,124,121,124,159,120,102,99,52,25,24,1765
5,Western Australia,50770,Boyup Brook (S),123,157,88,60,36,42,76,101,109,112,123,139,128,149,139,85,69,35,1771
5,Western Australia,50840,Bridgetown-Greenbushes (S),225,421,281,236,117,129,163,206,254,305,316,374,407,449,388,257,133,95,4756
5,Western Australia,50910,Brookton (S),84,102,37,14,47,36,61,54,53,61,81,65,50,55,69,41,21,28,959
5,Western Australia,50980,Broome (S),1458,1887,1051,805,793,1178,1603,1445,1198,1139,1024,1052,1003,621,355,228,99,55,16994
5,Western Australia,51080,Broomehill-Tambellup (S),73,136,74,33,43,45,59,67,66,63,80,78,80,54,56,29,31,21,1088
5,Western Australia,51120,Bruce Rock (S),56,85,51,32,57,41,56,61,55,52,66,54,66,83,64,20,27,23,949
5,Western Australia,51190,Bunbury (C),1911,2582,1517,1362,1769,1868,2003,1958,1831,2028,2038,2088,2256,1831,1702,1137,850,952,31683
5,Western Australia,51260,Busselton (C),2145,3926,2340,2074,1728,1708,2025,2582,2703,2982,2561,2510,2613,2607,2389,1540,1024,876,40333
5,Western Australia,51310,Cambridge (T),1369,3063,1914,1555,1812,1675,1446,1653,1880,2357,2105,1869,1725,1335,1112,819,699,944,29332
5,Western Australia,51330,Canning (C),5442,8004,4808,4862,8356,7895,6770,6626,6234,5870,5428,5039,4799,4327,3709,2538,1718,1705,94130
5,Western Australia,51400,Capel (S),1101,2015,1299,1264,1109,802,1058,1130,1252,1491,1346,1171,1059,836,667,425,221,161,18407
5,Western Australia,51470,Carnamah (S),42,30,33,18,8,30,27,39,41,27,39,40,54,40,20,25,9,5,527
5,Western Australia,51540,Carnarvon (S),344,449,271,182,202,313,387,300,309,338,390,363,354,334,229,157,93,62,5077
5,Western Australia,51610,Chapman Valley (S),65,159,124,78,58,63,53,108,108,107,119,125,101,85,87,38,36,26,1540
5,Western Australia,51680,Chittering (S),261,563,340,360,310,239,257,349,350,472,543,529,403,386,274,190,113,82,6021
5,Western Australia,51750,Claremont (T),434,865,578,778,837,699,563,546,554,731,713,650,584,572,574,535,338,463,11014
5,Western Australia,51820,Cockburn (C),8293,10771,5573,5145,7408,8273,9963,9767,8552,8330,7377,6832,5985,5007,3894,2562,1905,1715,117352
5,Western Australia,51890,Collie (S),494,774,486,407,444,483,473,453,460,513,589,620,652,576,553,295,155,174,8601
5,Western Australia,51960,Coolgardie (S),246,354,158,205,170,231,249,223,224,211,274,248,186,169,101,54,24,21,3348
5,Western Australia,52030,Coorow (S),41,61,39,15,24,32,61,38,45,51,67,81,121,103,90,59,20,13,961
5,Western Australia,52100,Corrigin (S),60,94,77,36,48,57,51,75,44,82,60,81,101,95,64,33,36,38,1132
5,Western Australia,52170,Cottesloe (T),383,694,475,489,513,520,494,434,434,532,621,591,573,525,440,274,190,204,8386
5,Western Australia,52240,Cranbrook (S),67,105,55,33,14,32,48,73,68,56,91,71,89,83,60,49,29,21,1044
5,Western Australia,52310,Cuballing (S),36,72,48,34,28,28,49,67,29,69,63,75,58,75,53,28,29,12,853
5,Western Australia,52380,Cue (S),13,8,3,2,7,19,8,7,6,12,11,8,14,10,12,0,0,0,140
5,Western Australia,52450,Cunderdin (S),78,124,92,122,79,78,76,93,78,74,66,81,102,81,63,48,29,44,1408
5,Western Australia,52520,Dalwallinu (S),106,156,76,45,50,83,104,103,102,80,81,119,88,76,35,47,22,24,1397
5,Western Australia,52590,Dandaragan (S),156,281,137,100,103,198,218,150,152,217,218,250,269,282,243,168,102,71,3315
5,Western Australia,52660,Dardanup (S),1054,1522,827,712,806,840,1052,935,925,913,920,875,847,737,630,410,329,219,14553
5,Western Australia,52730,Denmark (S),296,569,347,311,170,154,234,315,380,415,454,512,510,554,485,343,181,140,6370
5,Western Australia,52800,Derby-West Kimberley (S),762,927,542,358,596,660,754,642,568,464,456,472,427,301,160,55,28,39,8211
5,Western Australia,52870,Donnybrook-Balingup (S),309,526,324,304,251,188,304,328,328,409,412,485,506,528,386,284,161,124,6157
5,Western Australia,52940,Dowerin (S),43,84,40,21,27,20,29,42,43,41,41,36,47,64,41,15,19,15,668
5,Western Australia,53010,Dumbleyung (S),53,68,25,7,18,25,55,52,39,55,36,44,54,60,31,21,26,5,674
5,Western Australia,53080,Dundas (S),27,41,25,18,19,50,51,51,25,51,61,77,71,52,38,34,6,14,711
5,Western Australia,53150,East Fremantle (T),357,661,494,418,455,449,374,449,472,641,637,584,516,477,349,219,174,182,7908
5,Western Australia,53220,East Pilbara (S),587,868,330,307,346,918,1560,1429,1121,940,771,779,491,262,111,47,22,32,10921
5,Western Australia,53290,Esperance (S),859,1320,843,799,735,730,900,801,798,950,998,1018,885,752,685,516,319,270,14178
5,Western Australia,53360,Exmouth (S),169,289,143,109,114,185,238,247,238,221,200,207,200,136,130,64,29,16,2935
5,Western Australia,53430,Fremantle (C),1714,2165,1168,1007,1672,2139,2595,2447,1982,2137,2131,2353,2027,1793,1585,1101,766,735,31517
5,Western Australia,53570,Gingin (S),226,334,267,219,219,267,324,246,295,346,351,404,422,466,430,279,169,89,5353
5,Western Australia,53640,Gnowangerup (S),98,114,35,28,32,72,92,71,64,95,86,79,109,92,74,25,24,10,1200
5,Western Australia,53710,Goomalling (S),51,99,61,38,29,39,32,72,52,67,87,77,69,83,48,33,27,27,991
5,Western Australia,53780,Gosnells (C),9030,12664,6313,6065,8596,8916,9590,10462,8847,8297,7338,6795,6125,5437,4546,3000,2084,1814,125919
5,Western Australia,53800,Greater Geraldton (C),2572,3736,2206,2078,2249,2102,2267,2327,2330,2631,2655,2572,2342,1916,1629,1163,793,663,38231
5,Western Australia,53920,Halls Creek (S),351,419,231,206,288,298,312,255,217,210,167,172,143,104,70,23,13,16,3495
5,Western Australia,53990,Harvey (S),1771,2913,1775,1633,1573,1348,1668,1876,1761,1927,1930,1814,1761,1464,1304,847,556,378,28299
5,Western Australia,54060,Irwin (S),162,261,209,180,153,99,99,203,194,214,227,283,313,300,279,193,128,97,3594
5,Western Australia,54130,Jerramungup (S),96,121,57,23,36,62,64,109,72,53,66,93,98,67,47,26,26,14,1130
5,Western Australia,54170,Joondalup (C),8881,15062,8951,8513,10575,8174,8050,10234,10510,11737,11284,11287,10444,9105,7713,4516,2716,2966,160718
5,Western Australia,54200,Kalamunda (C),3535,5541,3199,3072,3616,3145,3571,4030,3849,4016,3836,3800,3341,3095,2914,2022,1423,1323,59328
5,Western Australia,54280,Kalgoorlie-Boulder (C),2480,3039,1522,1341,1703,2295,2502,2382,1977,2034,1941,1856,1506,997,712,408,220,140,29055
5,Western Australia,54310,Karratha (C),2212,2976,1277,908,1023,1768,2475,2520,1879,1835,1371,1195,752,478,230,94,72,53,23118
5,Western Australia,54340,Katanning (S),283,404,220,176,207,224,257,221,238,258,242,333,242,230,199,124,86,102,4046
5,Western Australia,54410,Kellerberrin (S),57,80,89,65,39,51,45,80,62,53,93,108,88,77,59,48,46,45,1185
5,Western Australia,54480,Kent (S),47,65,21,12,12,22,24,45,59,37,43,47,33,28,27,22,6,9,559
5,Western Australia,54550,Kojonup (S),111,226,91,55,56,59,114,126,96,113,148,161,133,123,102,85,70,43,1912
5,Western Australia,54620,Kondinin (S),56,58,48,12,26,29,70,66,59,69,64,84,68,48,44,31,22,18,872
5,Western Australia,54690,Koorda (S),22,50,18,9,11,14,29,24,17,29,28,27,33,34,20,18,10,9,402
5,Western Australia,54760,Kulin (S),53,87,33,25,13,41,28,59,55,48,48,64,49,67,42,23,18,22,775
5,Western Australia,54830,Kwinana (C),4009,4883,2239,1963,3097,4039,4671,4458,3274,2975,2689,2179,1756,1525,1166,829,562,473,46787
5,Western Australia,54900,Lake Grace (S),111,164,76,30,17,52,88,86,88,110,76,83,107,72,49,39,24,14,1286
5,Western Australia,54970,Laverton (S),45,65,37,20,33,99,185,130,98,87,104,110,108,36,27,15,9,7,1215
5,Western Australia,55040,Leonora (S),94,152,64,31,39,113,214,154,143,117,105,108,80,70,39,9,8,8,1548
5,Western Australia,55110,Mandurah (C),5098,7649,4325,4060,5108,4496,4843,4823,4545,5299,5436,5741,5615,5560,5777,4265,2926,2514,88080
5,Western Australia,55180,Manjimup (S),504,760,517,526,424,446,387,441,462,630,638,732,720,615,497,362,211,246,9118
5,Western Australia,55250,Meekatharra (S),79,71,33,40,35,45,125,84,66,63,62,74,91,63,28,6,3,1,969
5,Western Australia,55320,Melville (C),5269,8812,5275,5407,6931,6125,5564,6298,6543,6984,6648,6467,6421,5910,5069,3648,2662,3548,103581
5,Western Australia,55390,Menzies (S),17,33,22,20,35,54,57,52,42,41,36,45,27,26,13,5,0,0,525
5,Western Australia,55460,Merredin (S),195,314,173,181,272,212,206,165,179,201,209,228,226,185,156,118,65,85,3370
5,Western Australia,55530,Mingenew (S),34,43,21,6,8,25,17,18,25,39,21,36,42,32,13,19,7,12,418
5,Western Australia,55600,Moora (S),153,272,158,111,104,111,102,118,166,168,161,191,153,135,94,99,48,45,2389
5,Western Australia,55670,Morawa (S),54,55,38,33,46,17,38,24,30,46,40,50,62,44,25,20,24,15,661
5,Western Australia,55740,Mosman Park (T),351,741,518,597,530,481,553,566,549,622,722,583,522,509,489,379,205,192,9109
5,Western Australia,55810,Mount Magnet (S),38,43,18,15,12,17,25,27,27,30,30,30,46,36,41,6,6,2,449
5,Western Australia,55880,Mount Marshall (S),48,50,37,10,4,29,34,55,29,45,27,46,23,25,26,13,6,5,512
5,Western Australia,55950,Mukinbudin (S),48,58,18,14,7,28,39,32,25,44,31,30,46,35,36,10,12,11,524
5,Western Australia,56090,Mundaring (S),1839,3293,2156,1938,2349,1776,2137,2317,2575,2863,2957,2918,2664,2337,2035,1373,849,735,39111
5,Western Australia,56160,Murchison (S),5,20,2,4,8,13,17,1,11,19,16,20,10,9,4,0,3,0,162
5,Western Australia,56230,Murray (S),963,1630,948,953,1046,861,861,935,1019,1166,1175,1273,1216,1185,1174,793,585,424,18207
5,Western Australia,56300,Nannup (S),53,117,78,41,27,42,45,73,60,80,115,118,149,148,135,90,30,21,1422
5,Western Australia,56370,Narembeen (S),73,63,32,36,61,36,54,57,28,56,51,51,67,43,38,37,29,38,850
5,Western Australia,56460,Narrogin (S),262,491,246,301,268,333,218,270,265,297,305,295,361,322,278,173,121,133,4939
5,Western Australia,56580,Nedlands (C),1012,2202,1476,1419,1869,1316,782,1040,1351,1575,1564,1396,1437,1249,1177,849,554,633,22901
5,Western Australia,56620,Ngaanyatjarraku (S),100,205,122,82,159,189,154,180,103,110,90,78,75,44,47,16,10,4,1768
5,Western Australia,56730,Northam (S),607,937,589,532,552,589,663,671,614,722,740,774,850,712,613,414,243,191,11013
5,Western Australia,56790,Northampton (S),186,275,138,90,26,107,105,189,158,168,201,255,299,249,183,145,56,46,2876
5,Western Australia,56860,Nungarin (S),5,21,12,9,11,13,19,11,14,21,18,22,25,23,6,8,5,3,246
5,Western Australia,56930,Peppermint Grove (S),51,114,125,187,162,98,55,62,69,100,108,126,107,122,92,78,44,59,1759
5,Western Australia,57000,Perenjori (S),26,62,17,11,7,19,61,50,38,42,54,59,40,41,18,14,3,5,567
5,Western Australia,57080,Perth (C),1331,1073,382,702,3615,5324,4667,3110,1650,1445,1299,1344,1359,1145,1004,673,481,367,30971
5,Western Australia,57140,Pingelly (S),80,87,68,39,34,44,63,40,51,82,76,83,105,91,83,61,37,26,1150
5,Western Australia,57210,Plantagenet (S),255,440,286,236,228,192,245,279,324,371,410,417,395,405,342,203,147,101,5276
5,Western Australia,57280,Port Hedland (T),1569,1868,724,564,707,1260,1771,1552,1068,1078,990,947,625,360,186,123,34,45,15471
5,Western Australia,57350,Quairading (S),40,89,56,30,28,34,62,39,46,44,69,79,83,94,77,64,25,29,988
5,Western Australia,57420,Ravensthorpe (S),106,117,48,26,26,63,99,111,91,103,126,127,132,103,122,96,50,20,1566
5,Western Australia,57490,Rockingham (C),9773,14562,7942,7092,9065,9786,10244,9743,8739,9267,8838,8325,6942,5497,4826,3519,2321,2100,138581
5,Western Australia,57630,Sandstone (S),1,0,0,1,4,4,3,3,5,3,7,5,11,15,13,2,1,0,78
5,Western Australia,57700,Serpentine-Jarrahdale (S),2863,3900,1901,1700,2088,2687,3132,2715,2227,2142,2055,1953,1440,1117,897,587,294,222,33920
5,Western Australia,57770,Shark Bay (S),65,92,25,24,42,59,66,91,51,39,60,70,77,70,78,38,6,7,960
5,Western Australia,57840,South Perth (C),2058,2875,1713,1975,3939,3979,3405,3060,2677,2701,2668,2725,2613,2509,2035,1316,874,976,44098
5,Western Australia,57910,Stirling (C),14314,17242,9037,8709,12799,17353,20933,18536,14876,14520,13027,12741,11875,10500,9231,7024,5393,5633,223743
5,Western Australia,57980,Subiaco (C),881,1310,748,729,938,1336,1444,1191,1187,1101,1044,1049,1074,904,923,658,487,444,17448
5,Western Australia,58050,Swan (C),11544,15760,8138,7576,10126,11543,12843,12351,10199,10128,9619,8814,7226,5639,4479,2818,1919,1650,152372
5,Western Australia,58190,Tammin (S),23,36,36,21,16,21,16,20,21,23,26,34,30,16,25,16,7,6,393
5,Western Australia,58260,Three Springs (S),47,74,34,16,11,9,24,64,41,20,35,27,39,39,39,28,2,12,561
5,Western Australia,58330,Toodyay (S),180,294,181,177,167,132,163,203,229,268,413,419,434,429,386,202,120,64,4461
5,Western Australia,58400,Trayning (S),17,25,18,8,5,18,21,19,9,17,28,43,28,28,23,24,9,7,347
5,Western Australia,58470,Upper Gascoyne (S),19,43,17,18,24,33,28,24,13,9,14,11,17,11,1,5,1,2,290
5,Western Australia,58510,Victoria Park (T),2164,2214,975,1085,3074,4468,4550,3412,2411,2166,2096,2075,1823,1574,1275,864,647,911,37784
5,Western Australia,58540,Victoria Plains (S),44,81,43,28,30,32,57,64,68,67,75,95,70,49,32,41,23,18,917
5,Western Australia,58570,Vincent (C),2032,2494,1143,1016,2306,4292,4906,3756,2622,2382,2227,2042,1815,1357,1112,684,531,563,37280
5,Western Australia,58610,Wagin (S),82,152,92,72,66,74,58,75,110,88,142,154,146,141,130,95,58,41,1776
5,Western Australia,58680,Wandering (S),20,30,25,14,8,13,20,26,37,16,40,39,22,35,18,26,23,12,424
5,Western Australia,58760,Wanneroo (C),15689,22476,11826,11114,14737,15467,16960,16631,14597,15002,13805,11594,9333,7668,6446,4282,2888,2253,212768
5,Western Australia,58820,Waroona (S),218,366,240,225,205,156,208,265,213,271,321,310,305,299,258,179,114,114,4267
5,Western Australia,58890,West Arthur (S),34,98,34,24,16,30,39,53,38,50,55,73,78,62,45,22,11,20,782
5,Western Australia,59030,Westonia (S),8,24,11,12,10,22,31,19,24,18,17,13,41,23,11,9,6,6,305
5,Western Australia,59100,Wickepin (S),54,82,27,10,18,33,50,39,52,33,60,63,42,48,43,36,19,18,727
5,Western Australia,59170,Williams (S),72,116,47,21,16,59,67,88,37,61,64,59,95,78,42,43,24,26,1015
5,Western Australia,59250,Wiluna (S),23,43,17,8,29,59,109,86,57,54,56,46,45,30,15,3,4,0,684
5,Western Australia,59310,Wongan-Ballidu (S),92,140,69,33,39,50,84,68,79,87,79,97,116,81,85,48,18,23,1288
5,Western Australia,59320,Woodanilling (S),30,45,20,14,12,24,29,29,24,22,29,30,45,21,14,18,14,10,430
5,Western Australia,59330,Wyalkatchem (S),20,35,18,10,10,19,30,29,13,32,40,45,41,37,32,28,26,27,492
5,Western Australia,59340,Wyndham-East Kimberley (S),664,816,359,330,456,578,619,544,529,511,443,478,404,324,171,68,38,22,7354
5,Western Australia,59350,Yalgoo (S),10,12,9,7,14,15,46,37,23,37,31,37,30,14,10,8,7,4,351
5,Western Australia,59360,Yilgarn (S),45,94,45,10,32,49,99,79,77,91,112,121,90,73,59,27,28,20,1151
5,Western Australia,59370,York (S),150,324,155,152,90,112,132,186,172,183,247,291,354,346,273,214,147,95,3623
6,Tasmania,60210,Break O`Day (M),279,444,223,214,194,162,220,244,309,372,369,568,724,687,579,381,213,164,6346
6,Tasmania,60410,Brighton (M),1392,1971,1023,900,1208,1368,1218,1239,1061,1136,1072,1067,995,916,729,414,239,175,18123
6,Tasmania,60610,Burnie (C),1139,1706,1021,1010,1229,1338,1219,1128,1081,1218,1309,1377,1273,1062,975,696,478,442,19701
6,Tasmania,60810,Central Coast (M) (Tas.),1010,1749,1128,981,1072,1111,1086,1159,1161,1346,1483,1773,1769,1587,1440,1035,696,571,22157
6,Tasmania,61010,Central Highlands (M) (Tas.),124,184,104,66,66,99,69,112,115,87,159,188,212,210,197,97,48,29,2166
6,Tasmania,61210,Circular Head (M),516,773,457,383,414,542,465,480,393,487,517,671,585,479,420,280,166,124,8152
6,Tasmania,61410,Clarence (C),3366,5016,2825,2489,3178,3502,3731,3885,3462,3747,3572,3862,3959,3447,3262,2231,1568,1627,58729
6,Tasmania,61510,Derwent Valley (M),573,926,577,522,501,561,582,627,588,723,681,851,744,644,590,366,266,196,10518
6,Tasmania,61610,Devonport (C),1387,2221,1313,1182,1412,1651,1492,1356,1392,1644,1613,1689,1603,1662,1535,1106,734,755,25747
6,Tasmania,61810,Dorset (M),321,515,349,272,260,339,304,364,303,392,412,553,576,526,484,288,226,201,6685
6,Tasmania,62010,Flinders (M) (Tas.),34,78,29,18,24,56,51,46,55,45,58,84,102,112,102,73,18,19,1004
6,Tasmania,62210,George Town (M),359,535,364,312,313,404,334,353,343,395,490,574,550,593,467,367,178,186,7117
6,Tasmania,62410,Glamorgan-Spring Bay (M),177,267,159,149,133,178,188,216,230,272,300,402,492,518,474,312,152,131,4750
6,Tasmania,62610,Glenorchy (C),2813,4087,2342,2139,2934,3497,3736,3186,2765,3069,2849,3148,2865,2400,2129,1642,1199,1163,47963
6,Tasmania,62810,Hobart (C),2442,3931,2226,2485,4982,5132,4196,3510,3214,3428,3202,3381,3291,3036,2512,1721,1189,1372,55250
6,Tasmania,63010,Huon Valley (M),974,1489,918,792,808,857,988,1041,984,1168,1228,1470,1450,1235,1204,643,425,292,17966
6,Tasmania,63210,Kentish (M),273,467,338,286,280,261,309,354,323,398,535,587,569,466,438,248,130,131,6393
6,Tasmania,63410,King Island (M),106,103,70,67,63,101,96,115,80,82,94,112,123,125,97,69,61,48,1612
6,Tasmania,63610,Kingborough (M),2200,3555,2110,1986,1943,1953,2287,2339,2310,2643,2419,2474,2605,2462,2101,1459,946,836,38628
6,Tasmania,63810,Latrobe (M) (Tas.),577,935,555,492,513,575,669,635,616,760,778,876,857,943,872,617,390,301,11961
6,Tasmania,64010,Launceston (C),3908,5758,3262,3320,5472,5058,4675,4096,3946,4314,4228,4255,4079,3556,3314,2361,1638,1573,68813
6,Tasmania,64210,Meander Valley (M),1049,1624,998,936,927,1009,1011,1079,1025,1353,1401,1468,1481,1339,1275,917,579,566,20037
6,Tasmania,64610,Northern Midlands (M),722,1126,606,584,624,848,751,684,729,842,923,1023,1066,909,905,560,390,306,13598
6,Tasmania,64810,Sorell (M),939,1376,771,695,763,1035,1069,979,940,993,1001,1248,1165,1011,860,570,331,284,16030
6,Tasmania,65010,Southern Midlands (M),352,521,357,325,333,349,331,343,325,411,519,515,504,445,335,222,113,100,6400
6,Tasmania,65210,Tasman (M),73,127,96,77,68,89,80,120,107,137,190,223,286,277,208,160,84,77,2479
6,Tasmania,65410,Waratah-Wynyard (M),757,1184,660,629,577,647,652,773,742,814,962,1081,1039,1012,920,636,463,352,13900
6,Tasmania,65610,West Coast (M),226,347,201,153,135,210,270,244,221,290,338,340,324,328,211,156,88,50,4132
6,Tasmania,65810,West Tamar (M),1179,2018,1226,1249,1215,1183,1247,1377,1243,1628,1652,1799,1936,1657,1521,1110,639,544,24423
7,Northern Territory,70200,Alice Springs (T),2068,2644,1340,1270,1417,2053,2372,2001,1652,1847,1816,1788,1561,1110,658,428,226,197,26448
7,Northern Territory,70420,Barkly (R),640,961,486,400,595,752,626,472,452,402,472,388,299,203,171,80,41,13,7453
7,Northern Territory,70540,Belyuen (S),10,8,16,13,10,21,21,16,13,8,15,11,5,5,4,0,0,0,176
7,Northern Territory,70620,Central Desert (R),382,519,365,280,324,311,336,323,276,266,277,181,162,105,56,33,26,19,4241
7,Northern Territory,70700,Coomalie (S),87,133,61,37,23,90,74,58,62,70,90,132,138,108,102,47,30,14,1356
7,Northern Territory,71000,Darwin (C),5512,7006,3728,3445,4793,7637,8591,7136,5908,5436,5017,4979,4065,3371,2524,1549,829,504,82030
7,Northern Territory,71300,East Arnhem (R),774,1333,714,910,983,962,1017,899,711,624,467,350,275,189,66,55,25,15,10369
7,Northern Territory,72200,Katherine (T),845,1045,466,469,591,1062,1218,924,606,597,675,591,516,367,275,215,98,57,10617
7,Northern Territory,72300,Litchfield (M),1226,1917,1257,1211,1589,1683,1926,1991,2030,2136,2237,2007,1581,1157,851,477,168,122,25566
7,Northern Territory,72330,MacDonnell (R),483,716,359,393,614,740,648,553,485,470,388,359,317,188,134,31,36,25,6939
7,Northern Territory,72800,Palmerston (C),3623,4445,2180,1776,2731,3819,4183,3589,2871,2588,2058,1755,1356,901,577,295,163,122,39032
7,Northern Territory,73600,Roper Gulf (R),537,1052,536,479,680,680,700,527,430,435,419,315,274,190,107,55,25,17,7458
7,Northern Territory,74050,Tiwi Islands (R),183,292,205,166,224,239,228,241,217,159,198,128,117,73,42,14,5,12,2743
7,Northern Territory,74550,Victoria Daly (R),253,401,198,186,272,373,245,159,186,160,167,179,133,108,73,34,32,16,3175
7,Northern Territory,74560,Wagait (S),22,32,29,18,11,31,34,19,27,47,55,45,46,42,46,9,5,6,524
7,Northern Territory,74660,West Arnhem (R),434,862,430,419,570,661,666,504,562,507,456,329,210,134,47,28,21,20,6860
7,Northern Territory,74680,West Daly (R),267,604,289,288,316,365,327,435,213,154,156,123,93,73,21,6,4,1,3735
7,Northern Territory,79399,Unincorporated NT,416,780,401,343,351,552,643,657,548,549,540,570,405,327,208,91,27,13,7421
8,Australian Capital Territory,89399,Unincorporated ACT,27861,39789,19693,19271,32626,33992,35734,35354,30155,29103,25591,23685,20781,17799,15945,10423,6996,6582,431380
9,Other Territories,99399,Unincorp. Other Territories,170,406,226,188,202,238,296,317,299,357,338,370,372,317,250,167,99,59,4671